tcode, birth_rate, delta, n_crit, r_score
1, 0.13492091427684222, 2.163686270645995, 5.0, 0.9860714412629431
2, 0.0906004608780046, 1.9714048668681512, 2.0, 0.7731706333727795
3, 0.04449097730957279, 1.5616342076146554, 5.0, 0.9766750495480644
4, 0.036674523715671634, 4.397299552200481, 5.0, 0.9451007238189003
5, 0.031662777974556744, 6.848878546330311, 28.0, 0.9837318515933825
6, 0.02657330420728409, 6.76939321411141, 15.0, 0.9734181737600299
7, 0.008156192276807899, 2.466953177879446, 2.0, 0.9873733103929031
8, 0.015579050278482161, 2.6311120616714496, 54.0, 0.9669285163756659
