tcode, birth_rate, delta, n_crit, r_score
1, 0.13492091423769154, 2.163686289928713, 5.0, 0.986071441262975
2, 0.09060046173232221, 1.9714047267216666, 2.0, 0.7731706333706866
3, 0.04449097732181833, 1.5616341991900105, 5.0, 0.9766750495480649
4, 0.03667452364194912, 4.397299779363463, 5.0, 0.9451007238189022
5, 0.03166277795574068, 6.8488788100444165, 28.0, 0.9837318515933825
6, 0.026573304179095973, 6.769393441201976, 15.0, 0.9734181737600299
7, 0.008156192248520013, 2.4669531986140307, 2.0, 0.9873733103929032
8, 0.01557905031379431, 2.6311119293743412, 54.0, 0.9669285163756642
