tcode, birth_rate, delta, n_crit, r_score
1, 0.13492091419403895, 2.163686313245804, 5.0, 0.9860714412630139
2, 0.09060046359487078, 1.9714044184956379, 2.0, 0.7731706333660565
3, 0.044490977313051926, 1.561634205246495, 5.0, 0.9766750495480644
4, 0.03667452367531778, 4.397299676358975, 5.0, 0.9451007238189014
5, 0.03166277793078282, 6.848879159768059, 28.0, 0.9837318515933825
6, 0.026573304182790275, 6.769393357199837, 15.0, 0.9734181737600299
7, 0.008156192243039198, 2.466953202630625, 2.0, 0.9873733103929031
8, 0.015579050237160094, 2.631112216454351, 54.0, 0.9669285163756669
