tcode, birth_rate, delta, n_crit, r_score
8, 0.013995347495926994, 24.309210561923045, 54.0, 0.8605500602148952
