tcode, rate_1, rate_2, r_score
1, 0.06511417240551184, 1.4354694791706671e-18, 0.6033958066633226
2, 0.12125280559760325, 7.457872008509833e-14, -1.032766267437235
3, 0.062347115353245434, 2.3160092193601444e-18, 0.6620348823376442
4, 0.11033037424187436, 2.6740854318040753e-17, 0.18204057861180056
5, 0.01419180498140793, 1.3632795826874026e-15, 0.41232491679528926
6, 0.02097222906122127, 1.776761783312287e-17, -0.520144365837296
7, 0.007218949088819425, 1.0437937501414235e-20, 0.49649859796002493
8, 0.014879939903622387, 6.420277583359672e-24, 0.9266053038877506
