tcode, rate_1, rate_2, convex_coefficient, r_score
1, 0.2718806126108286, 9.668854543718898e-15, 0.21098906163130465, 0.9742071293257623
2, 8.122845645780645, 0.019768838618778074, 0.1187466342754757, 0.8300171049437761
3, 0.2218884459104407, 4.887348052408577e-19, 0.24489474994094104, 0.9548485081258886
4, 0.3530333864044248, 8.308489719155671e-16, 0.31371886259078063, 0.9124245567450199
5, 0.05740539692549529, 1.9784807096659383e-17, 0.28321596950008104, 0.9668833786213532
6, 0.1241933065791224, 0.0006104498382305553, 0.2861556092169901, 0.9785665939732974
7, 0.11271317897216399, 0.0009785410731248953, 0.21712915269972402, 0.9615536633918801
8, 0.020858836667974962, 0.00010957721917795042, 0.4469056703079375, 0.9839900733893807
