tcode, rate_1, rate_2, convex_coefficient, r_score
1, 0.2718806142000899, 9.670595487593081e-15, 0.2109890611600651, 0.974207129325756
